{"mean": [0.5506434643937498, 0.6494343209770321, 2002.3155898484802, 500.33004909593893, 124.73734639498693, 49.700722, 182.589582, 0.49686282051246017, 0.09749255869741216, 0.49993395645770394], "scale": [0.2577426188218983, 0.20199347319038355, 495.8175660184794, 494.8046199679026, 137.3494051999985, 29.10270143264938, 104.40430205248265, 0.28924210602451994, 0.09633697256415902, 0.1991169015828863]}